id,age,income,children,gender_FEMALE,gender_MALE,region_INNER_CITY,region_RURAL,region_SUBURBAN,region_TOWN,married_NO,married_YES,car_NO,car_YES,savings_acct_NO,savings_acct_YES,current_acct_NO,current_acct_YES,mortgage_NO,mortgage_YES,pep_NO,pep_YES
ID12101,0.6122448979591837,0.21563448481990033,0.3333333333333333,1,0,1,0,0,0,1,0,1,0,1,0,1,0,1,0,0,1
ID12102,0.44897959183673464,0.43139475279480355,1.0,0,1,0,0,0,1,0,1,0,1,1,0,0,1,0,1,1,0
ID12103,0.6734693877551019,0.198933372611174,0.0,1,0,1,0,0,0,0,1,0,1,0,1,0,1,1,0,1,0
ID12104,0.10204081632653061,0.2643199648151306,1.0,1,0,0,0,0,1,0,1,1,0,1,0,0,1,1,0,1,0
ID12105,0.7959183673469388,0.7839867891552551,0.0,1,0,0,1,0,0,0,1,1,0,0,1,1,0,1,0,1,0
ID12106,0.7959183673469388,0.5653426283241983,0.6666666666666666,1,0,0,0,0,1,0,1,1,0,0,1,0,1,1,0,0,1
ID12107,0.08163265306122447,0.06646822409499362,0.0,0,1,0,1,0,0,1,0,1,0,1,0,0,1,1,0,0,1
ID12108,0.8163265306122449,0.34297659383690066,0.0,0,1,0,0,0,1,0,1,0,1,0,1,0,1,1,0,1,0
ID12109,0.3877551020408163,0.3491315370030468,0.6666666666666666,1,0,0,0,1,0,0,1,0,1,1,0,1,0,1,0,1,0
ID12110,0.7346938775510203,0.3303380538437938,0.6666666666666666,0,1,0,0,0,1,0,1,0,1,0,1,0,1,1,0,1,0
ID12111,0.9795918367346939,0.9427660834239998,0.0,1,0,0,0,0,1,0,1,1,0,0,1,0,1,1,0,1,0
ID12112,0.693877551020408,0.37243841572416764,0.0,1,0,1,0,0,0,1,0,0,1,0,1,0,1,0,1,1,0
ID12113,0.5306122448979591,0.1844863771336892,0.3333333333333333,1,0,0,0,0,1,0,1,1,0,0,1,0,1,0,1,0,1
ID12114,0.9795918367346939,0.8636276584596742,0.3333333333333333,1,0,0,0,0,1,0,1,0,1,0,1,0,1,0,1,0,1
ID12115,0.36734693877551017,0.24881990106320317,0.0,0,1,0,1,0,0,0,1,1,0,0,1,0,1,0,1,1,0
ID12116,0.40816326530612246,0.2981609676802678,0.0,1,0,1,0,0,0,0,1,0,1,0,1,0,1,0,1,1,0
ID12117,0.3877551020408163,0.218797131042818,0.6666666666666666,1,0,0,0,0,1,0,1,1,0,1,0,1,0,0,1,1,0
ID12118,0.5714285714285714,0.6194827266690744,0.0,1,0,0,0,1,0,0,1,1,0,0,1,1,0,0,1,1,0
ID12119,0.8979591836734693,0.37674704801044945,0.0,1,0,1,0,0,0,0,1,1,0,0,1,1,0,1,0,0,1
ID12120,0.26530612244897955,0.3012702722095454,0.0,0,1,0,0,0,1,0,1,0,1,0,1,0,1,1,0,1,0
ID12121,0.8775510204081631,0.9096735849696184,0.6666666666666666,0,1,1,0,0,0,0,1,1,0,0,1,1,0,1,0,0,1
ID12122,0.653061224489796,0.19758950607140313,0.6666666666666666,0,1,0,0,0,1,0,1,1,0,0,1,0,1,1,0,1,0
ID12123,0.7346938775510203,0.5752710661404307,0.0,0,1,1,0,0,0,0,1,1,0,0,1,0,1,1,0,1,0
ID12124,0.18367346938775508,0.18109659853785254,0.0,1,0,0,0,0,1,1,0,0,1,0,1,0,1,0,1,1,0
ID12125,0.08163265306122447,0.1312221149843872,0.6666666666666666,0,1,1,0,0,0,1,0,0,1,0,1,0,1,1,0,1,0
ID12126,0.7755102040816326,0.6197924526321458,0.0,0,1,1,0,0,0,0,1,0,1,0,1,0,1,0,1,1,0
ID12127,0.5510204081632653,0.2717929640241249,0.0,0,1,1,0,0,0,0,1,1,0,0,1,0,1,0,1,1,0
ID12128,0.4285714285714285,0.2598220555514163,0.3333333333333333,1,0,0,0,0,1,0,1,1,0,1,0,0,1,1,0,0,1
ID12129,0.4285714285714285,0.41890247228425814,1.0,1,0,1,0,0,0,1,0,0,1,1,0,0,1,0,1,1,0
ID12130,0.8775510204081631,0.33133605972480157,0.3333333333333333,0,1,0,1,0,0,0,1,1,0,1,0,0,1,1,0,0,1
ID12131,0.8775510204081631,0.3084989320476723,0.6666666666666666,1,0,0,1,0,0,0,1,1,0,0,1,0,1,1,0,1,0
ID12132,0.040816326530612235,0.19463850592325088,0.6666666666666666,1,0,0,0,0,1,0,1,1,0,0,1,1,0,1,0,1,0
ID12133,0.5510204081632653,0.31710759312126163,0.3333333333333333,0,1,0,0,1,0,0,1,0,1,0,1,0,1,1,0,0,1
ID12134,0.30612244897959184,0.428576246530854,1.0,1,0,1,0,0,0,1,0,0,1,0,1,1,0,1,0,1,0
ID12135,0.5102040816326531,0.5593597551375363,0.0,0,1,0,0,1,0,1,0,1,0,0,1,0,1,1,0,0,1
ID12136,0.18367346938775508,0.2555891340561075,0.6666666666666666,1,0,1,0,0,0,0,1,1,0,0,1,0,1,1,0,1,0
ID12137,0.020408163265306145,0.10218874734603564,1.0,0,1,0,1,0,0,0,1,0,1,0,1,0,1,1,0,1,0
ID12138,0.36734693877551017,0.14396733836477424,0.0,1,0,0,1,0,0,1,0,0,1,1,0,0,1,1,0,0,1
ID12139,0.5102040816326531,0.2321239509538613,0.0,1,0,0,0,0,1,0,1,0,1,0,1,0,1,1,0,1,0
ID12140,0.9795918367346939,0.3506319872241481,0.6666666666666666,1,0,0,0,1,0,1,0,1,0,1,0,0,1,1,0,1,0
ID12141,0.7551020408163265,0.37442410328741416,0.0,0,1,0,0,0,1,0,1,1,0,1,0,0,1,0,1,0,1
ID12142,0.5918367346938775,0.3774938317214104,0.0,1,0,1,0,0,0,0,1,0,1,1,0,0,1,1,0,1,0
ID12143,1.0,0.8724342000096702,0.6666666666666666,0,1,0,0,0,1,1,0,0,1,0,1,1,0,1,0,0,1
ID12144,0.2857142857142857,0.3881432427516811,0.0,1,0,0,0,0,1,0,1,0,1,1,0,0,1,0,1,1,0
ID12145,0.040816326530612235,0.1501446506282533,0.6666666666666666,0,1,1,0,0,0,1,0,0,1,0,1,0,1,0,1,1,0
ID12146,0.9387755102040816,0.8200234049586094,0.6666666666666666,0,1,1,0,0,0,0,1,1,0,0,1,0,1,0,1,0,1
ID12147,0.653061224489796,0.14229653886398366,0.3333333333333333,1,0,1,0,0,0,1,0,0,1,0,1,0,1,1,0,0,1
ID12148,0.22448979591836737,0.13924573812773064,0.6666666666666666,0,1,1,0,0,0,1,0,1,0,0,1,0,1,0,1,0,1
ID12149,0.693877551020408,0.5942194122812194,0.6666666666666666,0,1,1,0,0,0,1,0,0,1,1,0,0,1,1,0,0,1
ID12150,0.5918367346938775,0.22116309326072436,0.6666666666666666,1,0,0,1,0,0,0,1,0,1,0,1,1,0,1,0,1,0
ID12151,0.12244897959183676,0.15994747735946227,0.6666666666666666,0,1,0,0,0,1,1,0,0,1,0,1,1,0,1,0,1,0
ID12152,0.36734693877551017,0.32487827339476344,0.0,0,1,0,0,0,1,0,1,1,0,1,0,1,0,1,0,1,0
ID12153,0.5102040816326531,0.19350112335886105,0.3333333333333333,0,1,0,0,0,1,0,1,1,0,0,1,0,1,1,0,0,1
ID12154,0.6122448979591837,0.4263875163918164,0.3333333333333333,0,1,0,0,1,0,1,0,1,0,0,1,0,1,1,0,0,1
ID12155,0.9183673469387754,0.8918092796995795,0.0,0,1,0,0,0,1,0,1,1,0,0,1,0,1,0,1,1,0
ID12156,0.693877551020408,0.7368310112776385,1.0,1,0,0,1,0,0,1,0,1,0,0,1,1,0,1,0,0,1
ID12157,0.8163265306122449,0.34350829007350653,0.0,1,0,1,0,0,0,1,0,1,0,1,0,0,1,1,0,0,1
ID12158,0.20408163265306123,0.31163060567428286,0.0,0,1,1,0,0,0,0,1,1,0,0,1,0,1,1,0,0,1
ID12159,0.22448979591836737,0.1742998343482307,0.0,1,0,1,0,0,0,0,1,1,0,1,0,0,1,1,0,1,0
ID12160,0.326530612244898,0.3496477469414991,0.3333333333333333,0,1,1,0,0,0,1,0,0,1,0,1,0,1,0,1,0,1
ID12161,0.4897959183673469,0.33982255111295717,0.3333333333333333,1,0,1,0,0,0,0,1,1,0,0,1,0,1,0,1,0,1
ID12162,0.9591836734693877,0.543307346751465,0.3333333333333333,1,0,1,0,0,0,1,0,0,1,1,0,0,1,1,0,0,1
ID12163,0.5918367346938775,0.37869832157779904,0.6666666666666666,0,1,1,0,0,0,0,1,1,0,0,1,0,1,1,0,1,0
ID12164,0.040816326530612235,0.11504925761267701,0.0,0,1,1,0,0,0,0,1,1,0,0,1,1,0,1,0,1,0
ID12165,0.06122448979591838,0.0,0.0,0,1,0,0,0,1,1,0,0,1,0,1,0,1,0,1,1,0
ID12166,0.4897959183673469,0.21295191383974327,0.0,0,1,1,0,0,0,0,1,1,0,0,1,0,1,1,0,1,0
ID12167,0.020408163265306145,0.10060570353478196,0.6666666666666666,0,1,0,0,0,1,1,0,1,0,0,1,0,1,1,0,1,0
ID12168,0.4693877551020408,0.5141225575311674,0.0,1,0,0,0,0,1,1,0,1,0,0,1,0,1,0,1,1,0
ID12169,0.2448979591836734,0.24758960070989183,0.6666666666666666,0,1,0,0,0,1,1,0,1,0,0,1,0,1,1,0,1,0
ID12170,0.26530612244897955,0.09339425069460347,0.6666666666666666,1,0,0,1,0,0,0,1,1,0,1,0,0,1,1,0,0,1
ID12171,0.1428571428571429,0.15573520426169157,1.0,0,1,1,0,0,0,0,1,0,1,0,1,0,1,1,0,1,0
ID12172,0.06122448979591838,0.05245587738568572,0.0,0,1,1,0,0,0,1,0,1,0,1,0,0,1,1,0,0,1
ID12173,0.36734693877551017,0.46403470720314177,1.0,0,1,1,0,0,0,0,1,0,1,0,1,0,1,0,1,0,1
ID12174,0.8163265306122449,0.3128798337253374,0.6666666666666666,1,0,1,0,0,0,0,1,1,0,0,1,1,0,0,1,1,0
ID12175,0.9387755102040816,0.8200819087516339,0.6666666666666666,1,0,1,0,0,0,1,0,0,1,0,1,0,1,1,0,0,1
ID12176,0.8367346938775511,0.5264702992589462,0.6666666666666666,1,0,0,1,0,0,1,0,0,1,1,0,1,0,1,0,0,1
ID12177,0.5510204081632653,0.37741467953084773,0.0,1,0,0,0,0,1,1,0,1,0,0,1,0,1,0,1,1,0
ID12178,0.8775510204081631,0.7647218342522156,0.3333333333333333,0,1,1,0,0,0,0,1,0,1,0,1,0,1,0,1,0,1
ID12179,0.2448979591836734,0.1670849401084626,0.0,1,0,1,0,0,0,0,1,0,1,1,0,0,1,1,0,1,0
ID12180,0.8163265306122449,0.5077903822861527,0.6666666666666666,1,0,0,0,0,1,0,1,0,1,0,1,1,0,1,0,0,1
ID12181,0.653061224489796,0.293170938275229,1.0,1,0,0,0,0,1,1,0,1,0,0,1,0,1,1,0,0,1
ID12182,0.2448979591836734,0.3922144184662748,1.0,0,1,1,0,0,0,1,0,1,0,1,0,0,1,1,0,1,0
ID12183,0.22448979591836737,0.13038069278470998,0.3333333333333333,1,0,1,0,0,0,0,1,1,0,0,1,0,1,1,0,1,0
ID12184,0.346938775510204,0.19581890598251184,0.3333333333333333,0,1,1,0,0,0,0,1,1,0,0,1,0,1,1,0,0,1
ID12185,0.8979591836734693,0.3271375522253896,0.0,0,1,1,0,0,0,0,1,1,0,1,0,0,1,0,1,0,1
ID12186,0.36734693877551017,0.4588915355163622,0.3333333333333333,0,1,1,0,0,0,0,1,0,1,0,1,0,1,1,0,0,1
ID12187,0.1428571428571429,0.18085914196616448,0.0,1,0,1,0,0,0,0,1,1,0,0,1,0,1,1,0,1,0
ID12188,0.9795918367346939,0.3019482279287128,0.0,1,0,0,0,0,1,1,0,0,1,0,1,0,1,0,1,1,0
ID12189,0.2448979591836734,0.1864290472020647,0.0,0,1,0,0,1,0,0,1,0,1,0,1,1,0,0,1,1,0
ID12190,0.7346938775510203,0.44878242422167147,0.6666666666666666,1,0,1,0,0,0,0,1,1,0,1,0,0,1,1,0,0,1
ID12191,0.3877551020408163,0.34070354940791575,0.3333333333333333,0,1,0,0,0,1,0,1,0,1,1,0,0,1,0,1,0,1
ID12192,0.20408163265306123,0.351282411746598,0.6666666666666666,1,0,1,0,0,0,1,0,1,0,0,1,0,1,0,1,1,0
ID12193,0.7142857142857142,0.5136682927853294,0.0,1,0,0,1,0,0,1,0,1,0,1,0,0,1,1,0,0,1
ID12194,0.8775510204081631,0.6463789851622335,0.6666666666666666,0,1,1,0,0,0,0,1,0,1,0,1,0,1,1,0,1,0
ID12195,0.8775510204081631,0.6213995862405273,0.0,1,0,1,0,0,0,0,1,0,1,0,1,1,0,1,0,1,0
ID12196,0.0,0.08562030109149149,0.0,1,0,1,0,0,0,0,1,1,0,0,1,0,1,1,0,1,0
ID12197,0.08163265306122447,0.05049238684979271,0.3333333333333333,0,1,1,0,0,0,0,1,1,0,1,0,1,0,0,1,1,0
ID12198,0.326530612244898,0.44491429108286906,0.6666666666666666,0,1,0,0,0,1,0,1,0,1,0,1,0,1,0,1,0,1
ID12199,0.346938775510204,0.12236911453993043,0.6666666666666666,1,0,1,0,0,0,1,0,1,0,0,1,0,1,1,0,1,0
ID12200,0.0,0.17782898962744953,0.0,1,0,0,1,0,0,0,1,0,1,1,0,0,1,1,0,1,0
ID12201,0.7346938775510203,0.3732832793234346,0.3333333333333333,0,1,1,0,0,0,0,1,1,0,0,1,0,1,0,1,0,1
ID12202,0.18367346938775508,0.11339738580962966,0.6666666666666666,1,0,1,0,0,0,0,1,0,1,0,1,0,1,1,0,1,0
ID12203,0.4897959183673469,0.18042724631765938,0.0,0,1,1,0,0,0,0,1,0,1,1,0,0,1,0,1,0,1
ID12204,0.5102040816326531,0.4830742504330571,0.0,0,1,0,0,0,1,1,0,1,0,0,1,0,1,0,1,1,0
ID12205,0.9387755102040816,0.5075959432093357,0.3333333333333333,1,0,1,0,0,0,0,1,1,0,0,1,0,1,1,0,0,1
ID12206,0.5102040816326531,0.4711498008548092,1.0,0,1,0,0,0,1,0,1,0,1,0,1,0,1,1,0,1,0
ID12207,0.6326530612244897,0.7161344341452913,0.0,0,1,0,1,0,0,0,1,0,1,0,1,1,0,1,0,1,0
ID12208,0.10204081632653061,0.1380980313645717,0.0,0,1,1,0,0,0,0,1,1,0,1,0,0,1,1,0,1,0
ID12209,0.10204081632653061,0.13193792609904106,0.0,0,1,1,0,0,0,1,0,1,0,0,1,0,1,1,0,0,1
ID12210,0.2448979591836734,0.32723047001431105,0.6666666666666666,1,0,1,0,0,0,0,1,0,1,0,1,0,1,0,1,1,0
ID12211,0.36734693877551017,0.5560663357302107,0.6666666666666666,0,1,0,0,0,1,1,0,1,0,0,1,0,1,1,0,0,1
ID12212,0.326530612244898,0.3496288192437559,1.0,0,1,1,0,0,0,0,1,0,1,1,0,1,0,0,1,1,0
ID12213,0.6734693877551019,0.5520003221150015,0.0,1,0,1,0,0,0,0,1,0,1,1,0,0,1,1,0,1,0
ID12214,0.36734693877551017,0.4924021640208899,0.6666666666666666,0,1,0,0,0,1,1,0,0,1,0,1,0,1,1,0,0,1
ID12215,0.7755102040816326,0.6575480475305462,0.3333333333333333,0,1,1,0,0,0,0,1,0,1,0,1,0,1,1,0,0,1
ID12216,0.7346938775510203,0.7361599383576505,0.0,1,0,1,0,0,0,0,1,1,0,0,1,0,1,1,0,1,0
ID12217,0.7755102040816326,0.2876337263354308,0.6666666666666666,1,0,0,0,0,1,0,1,1,0,0,1,1,0,1,0,1,0
ID12218,0.16326530612244894,0.08654930691072613,1.0,0,1,1,0,0,0,0,1,1,0,0,1,0,1,0,1,1,0
ID12219,0.4285714285714285,0.2108870740859341,0.0,0,1,0,0,0,1,1,0,0,1,1,0,1,0,1,0,0,1
ID12220,0.9387755102040816,0.7011987599260718,1.0,1,0,0,1,0,0,0,1,0,1,0,1,0,1,1,0,0,1
ID12221,0.5714285714285714,0.42176571674287355,0.6666666666666666,0,1,0,1,0,0,1,0,1,0,0,1,1,0,0,1,1,0
ID12222,0.8979591836734693,0.8577617928590614,0.3333333333333333,1,0,0,1,0,0,0,1,0,1,0,1,0,1,1,0,0,1
ID12223,0.36734693877551017,0.2716088491460769,0.3333333333333333,1,0,0,0,0,1,0,1,1,0,0,1,1,0,0,1,0,1
ID12224,0.346938775510204,0.48203838915656283,0.3333333333333333,1,0,0,1,0,0,1,0,1,0,0,1,0,1,1,0,0,1
ID12225,0.5918367346938775,0.6885843097300927,1.0,0,1,0,1,0,0,1,0,0,1,0,1,1,0,1,0,0,1
ID12226,0.5918367346938775,0.5849792543829235,0.6666666666666666,0,1,1,0,0,0,0,1,1,0,1,0,0,1,1,0,0,1
ID12227,0.3877551020408163,0.34832969089865096,0.0,1,0,0,0,0,1,0,1,0,1,0,1,0,1,1,0,1,0
ID12228,0.6122448979591837,0.6468057187113542,0.0,1,0,1,0,0,0,0,1,1,0,0,1,0,1,1,0,1,0
ID12229,0.4693877551020408,0.15621355880465737,1.0,0,1,0,0,0,1,0,1,0,1,0,1,0,1,1,0,1,0
ID12230,0.18367346938775508,0.2810950671150351,0.0,1,0,0,1,0,0,1,0,0,1,0,1,0,1,1,0,0,1
ID12231,0.5102040816326531,0.31372125592501465,0.6666666666666666,0,1,1,0,0,0,1,0,1,0,1,0,0,1,1,0,1,0
ID12232,0.8775510204081631,0.6296950799514556,1.0,0,1,0,1,0,0,0,1,1,0,0,1,0,1,0,1,1,0
ID12233,0.693877551020408,0.2013543972225152,0.6666666666666666,1,0,0,0,1,0,1,0,0,1,0,1,0,1,1,0,1,0
ID12234,0.9387755102040816,0.5406815588645377,0.0,1,0,0,0,1,0,0,1,0,1,1,0,0,1,1,0,1,0
ID12235,0.9795918367346939,0.9376022633396822,0.6666666666666666,1,0,0,0,0,1,0,1,0,1,0,1,0,1,0,1,0,1
ID12236,0.7142857142857142,0.45289833813093106,0.3333333333333333,1,0,0,0,0,1,0,1,0,1,0,1,0,1,1,0,0,1
ID12237,0.040816326530612235,0.155459892294517,0.6666666666666666,1,0,1,0,0,0,0,1,0,1,1,0,0,1,0,1,1,0
ID12238,0.7959183673469388,0.5883260154838892,0.0,1,0,1,0,0,0,1,0,1,0,0,1,0,1,1,0,0,1
ID12239,0.9591836734693877,0.639406709593538,0.0,1,0,0,1,0,0,0,1,1,0,0,1,0,1,1,0,1,0
ID12240,0.9387755102040816,0.8646308264400665,0.3333333333333333,1,0,1,0,0,0,1,0,1,0,0,1,0,1,1,0,0,1
ID12241,0.693877551020408,0.5520175291129499,1.0,0,1,1,0,0,0,0,1,1,0,0,1,0,1,1,0,1,0
ID12242,0.5918367346938775,0.30589207185848827,0.0,1,0,1,0,0,0,0,1,1,0,1,0,0,1,1,0,1,0
ID12243,0.20408163265306123,0.21037946764645604,0.3333333333333333,1,0,0,0,0,1,0,1,0,1,1,0,1,0,0,1,1,0
ID12244,0.9387755102040816,0.7564297819408771,0.0,0,1,0,0,0,1,0,1,0,1,0,1,0,1,0,1,1,0
ID12245,0.1428571428571429,0.2393285209948604,0.3333333333333333,0,1,1,0,0,0,0,1,1,0,0,1,0,1,1,0,0,1
ID12246,0.8163265306122449,0.7947910631670614,0.0,0,1,0,0,1,0,0,1,1,0,0,1,1,0,0,1,0,1
ID12247,0.326530612244898,0.261924750700712,0.6666666666666666,0,1,0,0,0,1,0,1,0,1,1,0,0,1,1,0,1,0
ID12248,0.040816326530612235,0.2382496422234951,0.6666666666666666,1,0,1,0,0,0,1,0,1,0,0,1,0,1,1,0,1,0
ID12249,0.9183673469387754,0.3564995735245558,0.0,0,1,0,1,0,0,0,1,0,1,0,1,1,0,1,0,1,0
ID12250,0.2448979591836734,0.39965300367937234,1.0,1,0,0,0,1,0,0,1,0,1,0,1,0,1,1,0,1,0
ID12251,0.7142857142857142,0.3988477161753867,0.3333333333333333,0,1,0,1,0,0,0,1,0,1,0,1,0,1,1,0,0,1
ID12252,0.5102040816326531,0.5406196136719235,0.6666666666666666,0,1,0,0,0,1,1,0,0,1,1,0,0,1,1,0,0,1
ID12253,0.9183673469387754,0.853546078361701,0.6666666666666666,0,1,0,0,0,1,0,1,1,0,0,1,1,0,0,1,0,1
ID12254,0.30612244897959184,0.33977953361808616,0.3333333333333333,0,1,1,0,0,0,0,1,1,0,0,1,0,1,0,1,0,1
ID12255,0.4693877551020408,0.31560886359995516,0.6666666666666666,0,1,0,1,0,0,1,0,0,1,1,0,1,0,1,0,1,0
ID12256,0.040816326530612235,0.05384998835946589,0.6666666666666666,1,0,0,0,1,0,0,1,1,0,0,1,0,1,1,0,0,1
ID12257,0.653061224489796,0.36906068202689485,0.0,0,1,0,0,0,1,0,1,0,1,0,1,0,1,1,0,1,0
ID12258,0.12244897959183676,0.2659012879265894,0.6666666666666666,0,1,0,1,0,0,0,1,0,1,0,1,0,1,1,0,1,0
ID12259,0.857142857142857,0.2837776380951922,0.0,1,0,0,0,0,1,0,1,1,0,1,0,0,1,1,0,0,1
ID12260,0.5306122448979591,0.17725083449638296,0.3333333333333333,1,0,0,0,0,1,0,1,1,0,0,1,0,1,1,0,0,1
ID12261,0.10204081632653061,0.23851462999190065,0.6666666666666666,0,1,1,0,0,0,0,1,0,1,0,1,0,1,1,0,1,0
ID12262,0.44897959183673464,0.13701915259320643,0.0,1,0,1,0,0,0,0,1,1,0,1,0,1,0,1,0,1,0
ID12263,0.6326530612244897,0.2700516158317458,1.0,1,0,0,0,0,1,1,0,1,0,1,0,0,1,1,0,1,0
ID12264,0.06122448979591838,0.04362266498886966,0.3333333333333333,1,0,0,0,0,1,1,0,0,1,1,0,0,1,1,0,1,0
ID12265,0.44897959183673464,0.3422435757242984,0.0,1,0,1,0,0,0,0,1,1,0,1,0,1,0,1,0,1,0
ID12266,0.16326530612244894,0.3279239120316319,0.3333333333333333,0,1,0,1,0,0,0,1,1,0,1,0,0,1,0,1,0,1
ID12267,0.040816326530612235,0.07873406051253795,0.3333333333333333,0,1,0,0,0,1,1,0,1,0,0,1,0,1,0,1,1,0
ID12268,0.12244897959183676,0.061061613269623866,0.3333333333333333,0,1,1,0,0,0,1,0,1,0,1,0,1,0,0,1,1,0
ID12269,0.3877551020408163,0.3732763965242552,0.0,1,0,0,0,0,1,1,0,0,1,0,1,0,1,1,0,1,0
ID12270,0.7755102040816326,0.4991111725209748,0.0,0,1,1,0,0,0,0,1,1,0,1,0,0,1,1,0,1,0
ID12271,0.693877551020408,0.7598866678287125,0.0,0,1,1,0,0,0,0,1,0,1,0,1,0,1,1,0,1,0
ID12272,0.08163265306122447,0.25315090244681787,0.6666666666666666,0,1,1,0,0,0,0,1,1,0,1,0,0,1,1,0,1,0
ID12273,0.346938775510204,0.3326523950678549,1.0,0,1,1,0,0,0,0,1,0,1,0,1,0,1,1,0,1,0
ID12274,0.326530612244898,0.378299119225396,0.3333333333333333,0,1,0,1,0,0,0,1,0,1,0,1,0,1,1,0,0,1
ID12275,1.0,0.6288106402569072,0.6666666666666666,1,0,0,0,0,1,0,1,1,0,0,1,0,1,1,0,0,1
ID12276,0.8163265306122449,0.8831679253298882,0.0,1,0,1,0,0,0,1,0,1,0,0,1,0,1,1,0,0,1
ID12277,0.44897959183673464,0.5599895312624481,0.0,0,1,0,0,0,1,0,1,0,1,0,1,0,1,1,0,1,0
ID12278,0.4693877551020408,0.431639092165671,0.0,1,0,1,0,0,0,0,1,0,1,0,1,0,1,0,1,0,1
ID12279,0.5102040816326531,0.1762098111205042,0.0,0,1,1,0,0,0,0,1,1,0,1,0,1,0,1,0,0,1
ID12280,0.9183673469387754,0.5346539474832097,0.6666666666666666,0,1,1,0,0,0,0,1,1,0,1,0,0,1,1,0,0,1
ID12281,0.08163265306122447,0.217510047596277,0.3333333333333333,1,0,1,0,0,0,0,1,1,0,0,1,0,1,0,1,0,1
ID12282,0.857142857142857,0.8886500748762515,0.0,0,1,0,1,0,0,1,0,1,0,0,1,0,1,1,0,0,1
ID12283,0.9591836734693877,0.5625361669588128,0.0,1,0,1,0,0,0,1,0,0,1,0,1,0,1,0,1,1,0
ID12284,0.6122448979591837,0.2323252728298577,0.6666666666666666,1,0,1,0,0,0,0,1,0,1,0,1,0,1,0,1,1,0
ID12285,0.40816326530612246,0.42342619204489507,0.0,1,0,1,0,0,0,1,0,0,1,0,1,1,0,0,1,1,0
ID12286,0.6326530612244897,0.4758714010918528,0.3333333333333333,0,1,0,1,0,0,0,1,0,1,0,1,0,1,0,1,0,1
ID12287,0.040816326530612235,0.22818698982326518,0.0,1,0,1,0,0,0,0,1,1,0,1,0,1,0,0,1,0,1
ID12288,0.6122448979591837,0.5058132982218804,0.3333333333333333,1,0,0,0,0,1,0,1,1,0,1,0,0,1,1,0,0,1
ID12289,0.40816326530612246,0.5136751755845088,0.6666666666666666,0,1,1,0,0,0,0,1,0,1,1,0,0,1,0,1,1,0
ID12290,0.4693877551020408,0.2887745502994103,0.0,1,0,1,0,0,0,0,1,1,0,1,0,0,1,1,0,1,0
ID12291,1.0,0.9999999999999999,0.6666666666666666,1,0,0,0,1,0,0,1,0,1,0,1,0,1,1,0,0,1
ID12292,0.4285714285714285,0.17176352285063512,0.3333333333333333,0,1,1,0,0,0,0,1,0,1,0,1,1,0,1,0,1,0
ID12293,0.9387755102040816,0.7572918525380924,1.0,1,0,0,1,0,0,0,1,1,0,0,1,0,1,1,0,0,1
ID12294,0.4693877551020408,0.19333077407917176,0.0,0,1,1,0,0,0,0,1,0,1,1,0,0,1,0,1,0,1
ID12295,0.7551020408163265,0.5364778892657411,0.6666666666666666,0,1,0,0,1,0,0,1,0,1,1,0,0,1,1,0,0,1
ID12296,0.693877551020408,0.220691621516938,0.3333333333333333,0,1,1,0,0,0,0,1,1,0,0,1,1,0,0,1,0,1
ID12297,0.2448979591836734,0.23725335704228223,0.0,1,0,1,0,0,0,1,0,1,0,1,0,0,1,0,1,0,1
ID12298,0.693877551020408,0.7520506009630068,0.6666666666666666,0,1,1,0,0,0,0,1,0,1,0,1,0,1,1,0,0,1
ID12299,0.16326530612244894,0.16470005019281297,0.6666666666666666,0,1,1,0,0,0,1,0,1,0,1,0,0,1,0,1,1,0
ID12300,0.16326530612244894,0.27195298910504506,0.0,1,0,1,0,0,0,0,1,1,0,0,1,0,1,1,0,0,1
ID12301,0.5714285714285714,0.3624411499161416,0.3333333333333333,0,1,0,0,0,1,0,1,0,1,0,1,0,1,1,0,0,1
ID12302,0.5714285714285714,0.6299979231153475,0.0,1,0,0,0,0,1,0,1,1,0,0,1,0,1,0,1,1,0
ID12303,0.693877551020408,0.2058488650866398,0.0,0,1,1,0,0,0,0,1,1,0,1,0,0,1,1,0,1,0
ID12304,0.3877551020408163,0.24087370941062758,1.0,0,1,1,0,0,0,1,0,0,1,1,0,0,1,1,0,1,0
ID12305,0.08163265306122447,0.1333643862289642,0.3333333333333333,0,1,1,0,0,0,0,1,1,0,0,1,0,1,0,1,0,1
ID12306,0.0,0.16130510949759178,0.0,0,1,1,0,0,0,1,0,0,1,1,0,0,1,0,1,0,1
ID12307,0.9183673469387754,0.9359727606339677,0.0,0,1,1,0,0,0,1,0,0,1,0,1,0,1,1,0,0,1
ID12308,0.1428571428571429,0.17114062952490272,0.0,1,0,1,0,0,0,0,1,1,0,0,1,0,1,0,1,1,0
ID12309,1.0,0.5962636036374904,0.0,0,1,1,0,0,0,0,1,0,1,0,1,0,1,1,0,1,0
ID12310,0.18367346938775508,0.271142539501675,0.0,0,1,1,0,0,0,1,0,1,0,0,1,1,0,1,0,0,1
ID12311,0.8775510204081631,0.33484628730627713,0.0,0,1,1,0,0,0,1,0,0,1,1,0,1,0,1,0,0,1
ID12312,0.8163265306122449,0.4836799367608411,0.3333333333333333,0,1,0,0,0,1,0,1,0,1,0,1,0,1,1,0,0,1
ID12313,0.08163265306122447,0.16207598300568052,0.0,0,1,1,0,0,0,0,1,0,1,0,1,0,1,1,0,0,1
ID12314,0.20408163265306123,0.14043130028637604,0.3333333333333333,0,1,0,0,0,1,1,0,1,0,1,0,0,1,1,0,0,1
ID12315,0.10204081632653061,0.0827684132515221,0.0,0,1,1,0,0,0,0,1,1,0,0,1,0,1,1,0,1,0
ID12316,0.18367346938775508,0.21674089478798308,0.0,0,1,0,0,1,0,0,1,1,0,0,1,0,1,1,0,1,0
ID12317,0.18367346938775508,0.174513201122791,0.0,1,0,0,0,1,0,0,1,0,1,1,0,0,1,1,0,1,0
ID12318,0.44897959183673464,0.46045737232966744,1.0,1,0,1,0,0,0,0,1,0,1,0,1,0,1,0,1,1,0
ID12319,0.4285714285714285,0.4590704882950256,0.0,0,1,0,0,0,1,1,0,0,1,0,1,1,0,1,0,0,1
ID12320,0.346938775510204,0.4058182710442875,0.0,1,0,1,0,0,0,0,1,0,1,0,1,0,1,1,0,1,0
ID12321,0.3877551020408163,0.3656055168388542,0.6666666666666666,1,0,1,0,0,0,1,0,0,1,1,0,1,0,1,0,1,0
ID12322,0.5918367346938775,0.6385498010957071,0.6666666666666666,0,1,1,0,0,0,0,1,1,0,0,1,0,1,1,0,0,1
ID12323,0.4897959183673469,0.5901052190717546,0.3333333333333333,1,0,1,0,0,0,0,1,1,0,0,1,0,1,1,0,0,1
ID12324,1.0,0.6627411195113763,0.0,1,0,1,0,0,0,0,1,1,0,0,1,0,1,0,1,1,0
ID12325,0.7959183673469388,0.7719091972952664,1.0,0,1,0,1,0,0,0,1,1,0,0,1,0,1,1,0,0,1
ID12326,0.5918367346938775,0.3857910461321335,0.0,1,0,0,1,0,0,1,0,0,1,0,1,0,1,1,0,0,1
ID12327,1.0,0.7822368374639018,0.6666666666666666,0,1,1,0,0,0,0,1,0,1,0,1,0,1,1,0,0,1
ID12328,0.7755102040816326,0.3419717051567136,0.0,0,1,0,0,0,1,1,0,1,0,0,1,0,1,1,0,0,1
ID12329,0.3877551020408163,0.3958881125282603,0.0,0,1,0,1,0,0,1,0,0,1,1,0,0,1,0,1,0,1
ID12330,0.18367346938775508,0.12501383012460102,0.0,0,1,1,0,0,0,1,0,0,1,1,0,1,0,1,0,0,1
ID12331,0.8367346938775511,0.4331894426808227,0.0,1,0,1,0,0,0,0,1,0,1,1,0,0,1,0,1,0,1
ID12332,0.26530612244897955,0.412196905183763,0.3333333333333333,0,1,1,0,0,0,1,0,1,0,1,0,0,1,0,1,1,0
ID12333,0.26530612244897955,0.15562507947482176,0.0,0,1,0,0,1,0,0,1,1,0,1,0,0,1,0,1,0,1
ID12334,0.2857142857142857,0.43688722653993595,0.0,1,0,0,0,0,1,0,1,0,1,0,1,0,1,1,0,1,0
ID12335,0.7959183673469388,0.6267475212028929,1.0,1,0,0,1,0,0,1,0,1,0,0,1,1,0,1,0,1,0
ID12336,0.6326530612244897,0.2012718036323628,0.3333333333333333,1,0,1,0,0,0,1,0,1,0,0,1,0,1,0,1,0,1
ID12337,0.9591836734693877,0.812887662909404,0.6666666666666666,0,1,0,0,0,1,1,0,0,1,0,1,0,1,1,0,0,1
ID12338,0.08163265306122447,0.22115621046154504,0.6666666666666666,1,0,1,0,0,0,0,1,1,0,0,1,0,1,0,1,1,0
ID12339,0.16326530612244894,0.22460793424999598,0.6666666666666666,1,0,0,1,0,0,0,1,1,0,0,1,1,0,1,0,1,0
ID12340,0.10204081632653061,0.13437787840812557,0.0,0,1,1,0,0,0,0,1,0,1,0,1,0,1,1,0,1,0
ID12341,0.16326530612244894,0.10814753073556987,0.6666666666666666,1,0,0,1,0,0,0,1,0,1,1,0,1,0,1,0,1,0
ID12342,0.8367346938775511,0.87784752156424,0.0,1,0,1,0,0,0,1,0,0,1,0,1,0,1,1,0,0,1
ID12343,1.0,0.520499470970848,0.3333333333333333,0,1,1,0,0,0,0,1,0,1,0,1,0,1,1,0,0,1
ID12344,0.326530612244898,0.2573115545507433,0.0,1,0,1,0,0,0,0,1,0,1,0,1,0,1,1,0,1,0
ID12345,0.653061224489796,0.3925138202305772,0.6666666666666666,0,1,0,1,0,0,0,1,0,1,0,1,1,0,1,0,1,0
ID12346,0.5714285714285714,0.5636959186205356,0.0,0,1,0,0,1,0,1,0,0,1,0,1,0,1,0,1,1,0
ID12347,0.10204081632653061,0.044601226962195706,1.0,1,0,1,0,0,0,1,0,0,1,1,0,1,0,1,0,1,0
ID12348,0.16326530612244894,0.28168182574507594,0.0,0,1,0,1,0,0,0,1,1,0,1,0,0,1,1,0,1,0
ID12349,0.44897959183673464,0.26383128607339573,1.0,0,1,0,0,0,1,0,1,1,0,0,1,0,1,1,0,1,0
ID12350,0.36734693877551017,0.28078534115196374,1.0,0,1,0,0,0,1,0,1,0,1,1,0,0,1,1,0,1,0
ID12351,0.9591836734693877,0.9060773223984007,0.0,0,1,1,0,0,0,1,0,1,0,0,1,0,1,0,1,1,0
ID12352,0.5510204081632653,0.5341669894412698,0.3333333333333333,1,0,0,0,0,1,0,1,0,1,0,1,0,1,0,1,0,1
ID12353,0.10204081632653061,0.1596171029988528,0.6666666666666666,0,1,1,0,0,0,0,1,1,0,1,0,0,1,0,1,1,0
ID12354,0.4897959183673469,0.2214315224287196,0.3333333333333333,1,0,0,0,0,1,0,1,1,0,1,0,1,0,1,0,0,1
ID12355,0.06122448979591838,0.09661540071054578,1.0,1,0,0,1,0,0,1,0,1,0,0,1,0,1,0,1,1,0
ID12356,0.8979591836734693,0.33121044863977817,0.0,1,0,1,0,0,0,1,0,0,1,1,0,0,1,1,0,0,1
ID12357,0.6326530612244897,0.3627870105749047,0.6666666666666666,1,0,0,0,1,0,1,0,1,0,0,1,0,1,1,0,1,0
ID12358,0.20408163265306123,0.31586524786938647,0.6666666666666666,1,0,0,0,0,1,0,1,1,0,1,0,0,1,0,1,1,0
ID12359,0.40816326530612246,0.283595243916939,1.0,1,0,0,0,0,1,1,0,1,0,1,0,0,1,0,1,1,0
ID12360,0.36734693877551017,0.1230763221556101,0.0,0,1,0,0,0,1,1,0,1,0,1,0,1,0,1,0,1,0
ID12361,0.08163265306122447,0.2093401649703721,0.0,0,1,0,0,1,0,0,1,1,0,0,1,0,1,1,0,1,0
ID12362,0.44897959183673464,0.4106981756624565,0.3333333333333333,1,0,0,0,0,1,0,1,1,0,0,1,0,1,0,1,0,1
ID12363,0.44897959183673464,0.2856015798777236,0.0,1,0,0,0,0,1,0,1,1,0,1,0,0,1,1,0,1,0
ID12364,0.857142857142857,0.7114093925086581,0.0,1,0,1,0,0,0,0,1,0,1,0,1,0,1,0,1,1,0
ID12365,0.10204081632653061,0.24350982149632394,0.0,0,1,1,0,0,0,1,0,0,1,0,1,1,0,1,0,0,1
ID12366,0.06122448979591838,0.2221008746489127,0.3333333333333333,0,1,1,0,0,0,0,1,0,1,1,0,1,0,1,0,0,1
ID12367,0.8163265306122449,0.48549183364480863,0.0,0,1,0,0,0,1,1,0,0,1,0,1,0,1,1,0,0,1
ID12368,0.6122448979591837,0.4367461291567589,0.0,1,0,0,0,1,0,1,0,1,0,0,1,0,1,1,0,0,1
ID12369,0.9183673469387754,0.5095162441803781,0.0,1,0,0,0,0,1,0,1,0,1,1,0,0,1,1,0,1,0
ID12370,0.040816326530612235,0.20060933421134908,1.0,0,1,0,0,0,1,1,0,0,1,1,0,0,1,0,1,1,0
ID12371,1.0,0.9590026066881191,0.6666666666666666,1,0,0,0,1,0,1,0,1,0,0,1,0,1,0,1,0,1
ID12372,0.8979591836734693,0.8840971032191024,0.0,1,0,1,0,0,0,1,0,0,1,0,1,0,1,1,0,0,1
ID12373,0.36734693877551017,0.1414792064614342,0.0,0,1,0,0,0,1,0,1,1,0,0,1,0,1,1,0,1,0
ID12374,0.26530612244897955,0.4025609863326536,0.3333333333333333,0,1,1,0,0,0,0,1,0,1,1,0,0,1,1,0,0,1
ID12375,0.4897959183673469,0.37928163880825017,0.0,1,0,1,0,0,0,0,1,0,1,0,1,0,1,1,0,1,0
ID12376,0.0,0.07482239366892598,0.0,0,1,0,1,0,0,0,1,0,1,1,0,0,1,0,1,0,1
ID12377,0.5714285714285714,0.40760779883092213,0.3333333333333333,1,0,0,0,1,0,1,0,1,0,0,1,0,1,0,1,0,1
ID12378,0.1428571428571429,0.2985739356310296,0.3333333333333333,0,1,0,0,0,1,0,1,0,1,0,1,0,1,1,0,0,1
ID12379,0.9591836734693877,0.3349047910993017,0.0,1,0,0,1,0,0,1,0,1,0,0,1,1,0,0,1,1,0
ID12380,0.44897959183673464,0.5499045097648853,0.3333333333333333,0,1,0,0,0,1,0,1,1,0,1,0,0,1,0,1,0,1
ID12381,0.2857142857142857,0.29791490760960554,0.3333333333333333,0,1,1,0,0,0,0,1,1,0,1,0,1,0,1,0,0,1
ID12382,0.0,0.182325178191369,0.0,1,0,1,0,0,0,0,1,1,0,0,1,0,1,1,0,1,0
ID12383,0.9387755102040816,0.848309988886,0.3333333333333333,0,1,1,0,0,0,0,1,0,1,0,1,1,0,1,0,0,1
ID12384,0.5102040816326531,0.5878184090444111,1.0,1,0,1,0,0,0,0,1,1,0,0,1,0,1,0,1,1,0
ID12385,0.08163265306122447,0.1501274436303049,1.0,1,0,1,0,0,0,0,1,1,0,0,1,0,1,1,0,1,0
ID12386,0.1428571428571429,0.07694332823604697,0.0,0,1,0,0,0,1,0,1,1,0,1,0,1,0,1,0,1,0
ID12387,0.4285714285714285,0.3383152180926765,0.3333333333333333,0,1,1,0,0,0,0,1,0,1,0,1,0,1,0,1,0,1
ID12388,0.8163265306122449,0.39988013605229134,1.0,1,0,1,0,0,0,0,1,1,0,1,0,0,1,1,0,1,0
ID12389,0.30612244897959184,0.1569672253147977,0.3333333333333333,0,1,1,0,0,0,0,1,1,0,0,1,1,0,1,0,1,0
ID12390,0.693877551020408,0.5531686772756985,0.3333333333333333,1,0,0,1,0,0,0,1,0,1,0,1,0,1,1,0,0,1
ID12391,0.10204081632653061,0.14634534548124445,0.0,0,1,1,0,0,0,1,0,1,0,0,1,0,1,1,0,0,1
ID12392,0.5306122448979591,0.5891571134847973,0.0,1,0,1,0,0,0,1,0,0,1,0,1,1,0,1,0,0,1
ID12393,0.6734693877551019,0.7108140303796432,0.6666666666666666,0,1,0,1,0,0,0,1,0,1,0,1,0,1,0,1,0,1
ID12394,0.16326530612244894,0.27421915073485065,0.0,1,0,0,0,0,1,0,1,1,0,0,1,0,1,1,0,1,0
ID12395,0.4897959183673469,0.3008039625651435,0.0,0,1,0,0,0,1,0,1,1,0,0,1,1,0,0,1,1,0
ID12396,0.326530612244898,0.4737893543400953,0.0,0,1,0,0,0,1,0,1,0,1,0,1,0,1,0,1,1,0
ID12397,0.7346938775510203,0.3367270121820383,0.6666666666666666,1,0,0,1,0,0,1,0,0,1,0,1,0,1,0,1,1,0
ID12398,0.0,0.06237588377292336,0.6666666666666666,0,1,0,1,0,0,0,1,1,0,1,0,1,0,1,0,1,0
ID12399,0.5918367346938775,0.20863984015387183,0.6666666666666666,1,0,1,0,0,0,1,0,0,1,1,0,0,1,1,0,1,0
ID12400,0.12244897959183676,0.1489005846765833,0.0,1,0,1,0,0,0,0,1,1,0,0,1,0,1,1,0,1,0
ID12401,0.020408163265306145,0.05417124301116269,0.3333333333333333,1,0,1,0,0,0,0,1,0,1,0,1,0,1,0,1,1,0
ID12402,0.3877551020408163,0.17784103452601346,0.0,1,0,0,0,0,1,0,1,1,0,0,1,1,0,1,0,1,0
ID12403,0.5510204081632653,0.41670513864624625,0.0,1,0,0,0,0,1,0,1,1,0,0,1,1,0,1,0,1,0
ID12404,0.6326530612244897,0.6271622098534497,1.0,0,1,0,1,0,0,0,1,1,0,0,1,0,1,0,1,1,0
ID12405,1.0,0.9013694877597158,1.0,1,0,0,1,0,0,1,0,1,0,0,1,0,1,1,0,0,1
ID12406,0.346938775510204,0.11195888078114263,0.0,1,0,0,1,0,0,0,1,1,0,1,0,0,1,1,0,1,0
ID12407,0.9183673469387754,0.8105027729937544,0.6666666666666666,0,1,1,0,0,0,1,0,0,1,0,1,0,1,1,0,0,1
ID12408,0.40816326530612246,0.36594449469843787,0.0,0,1,0,1,0,0,1,0,0,1,0,1,0,1,1,0,0,1
ID12409,0.6122448979591837,0.3556547099252889,0.6666666666666666,0,1,0,0,0,1,1,0,0,1,0,1,0,1,1,0,1,0
ID12410,0.20408163265306123,0.11883995926071167,0.3333333333333333,1,0,1,0,0,0,1,0,1,0,0,1,0,1,1,0,1,0
ID12411,0.5714285714285714,0.44126468681801134,0.0,0,1,0,0,0,1,0,1,1,0,0,1,0,1,1,0,1,0
ID12412,0.9795918367346939,0.5442950284337037,0.3333333333333333,0,1,1,0,0,0,1,0,1,0,0,1,0,1,1,0,0,1
ID12413,0.8775510204081631,0.4430146385093646,0.6666666666666666,1,0,0,0,0,1,1,0,0,1,1,0,0,1,1,0,0,1
ID12414,0.0,0.19092351506618926,0.6666666666666666,1,0,0,1,0,0,1,0,0,1,0,1,0,1,1,0,1,0
ID12415,0.7346938775510203,0.22407795871318498,0.0,1,0,0,0,0,1,0,1,0,1,0,1,1,0,1,0,1,0
ID12416,0.5510204081632653,0.6472255694612954,0.0,0,1,0,1,0,0,1,0,0,1,0,1,0,1,0,1,1,0
ID12417,0.857142857142857,0.29416894415623673,0.6666666666666666,0,1,1,0,0,0,1,0,0,1,0,1,0,1,1,0,1,0
ID12418,0.5510204081632653,0.5622367651945104,0.3333333333333333,1,0,0,0,0,1,1,0,1,0,0,1,0,1,0,1,0,1
ID12419,0.26530612244897955,0.31243761387806324,0.6666666666666666,1,0,1,0,0,0,1,0,1,0,0,1,1,0,1,0,1,0
ID12420,0.4285714285714285,0.2914364728820293,0.0,0,1,0,0,1,0,1,0,0,1,0,1,0,1,0,1,1,0
ID12421,0.7142857142857142,0.5693656244445365,0.6666666666666666,0,1,1,0,0,0,1,0,0,1,0,1,0,1,1,0,0,1
ID12422,0.346938775510204,0.30746651217076776,0.0,0,1,0,1,0,0,0,1,0,1,1,0,1,0,0,1,0,1
ID12423,0.1428571428571429,0.10374942205995641,0.3333333333333333,1,0,0,0,0,1,0,1,0,1,0,1,1,0,0,1,1,0
ID12424,0.2857142857142857,0.3271633627223122,0.0,0,1,0,0,0,1,1,0,1,0,0,1,0,1,1,0,0,1
ID12425,0.36734693877551017,0.40403562605683224,0.0,0,1,0,0,1,0,0,1,1,0,0,1,0,1,1,0,1,0
ID12426,0.12244897959183676,0.07658834786837126,0.0,1,0,0,0,0,1,1,0,1,0,1,0,0,1,1,0,0,1
ID12427,0.4285714285714285,0.513423953414462,0.3333333333333333,0,1,1,0,0,0,0,1,1,0,0,1,1,0,0,1,0,1
ID12428,0.12244897959183676,0.2796858139830604,0.0,0,1,1,0,0,0,0,1,1,0,1,0,0,1,0,1,0,1
ID12429,0.7959183673469388,0.788682578895376,0.3333333333333333,1,0,0,1,0,0,1,0,1,0,0,1,1,0,0,1,0,1
ID12430,0.18367346938775508,0.23301183204799925,1.0,1,0,0,0,0,1,0,1,1,0,1,0,0,1,1,0,1,0
ID12431,0.9795918367346939,0.8217320598548865,1.0,1,0,0,1,0,0,0,1,0,1,0,1,0,1,1,0,0,1
ID12432,0.0,0.11334576481578446,0.6666666666666666,1,0,1,0,0,0,0,1,1,0,0,1,0,1,0,1,1,0
ID12433,0.30612244897959184,0.42204447010963775,0.0,1,0,0,0,0,1,0,1,1,0,0,1,1,0,1,0,1,0
ID12434,0.6122448979591837,0.2210546891736494,0.6666666666666666,0,1,0,0,1,0,0,1,1,0,0,1,0,1,1,0,1,0
ID12435,0.10204081632653061,0.27579014964754045,0.3333333333333333,1,0,0,0,1,0,0,1,1,0,1,0,0,1,1,0,0,1
ID12436,0.5306122448979591,0.372942580764056,0.3333333333333333,0,1,0,0,0,1,0,1,1,0,0,1,1,0,0,1,0,1
ID12437,0.4285714285714285,0.3765990678280931,0.6666666666666666,0,1,1,0,0,0,0,1,1,0,1,0,1,0,0,1,1,0
ID12438,0.9591836734693877,0.5689784669906973,0.3333333333333333,0,1,1,0,0,0,0,1,0,1,0,1,1,0,0,1,1,0
ID12439,0.857142857142857,0.5599138204714751,0.6666666666666666,0,1,0,0,1,0,0,1,0,1,0,1,0,1,0,1,0,1
ID12440,0.040816326530612235,0.2266228737097547,0.0,0,1,1,0,0,0,0,1,1,0,1,0,0,1,0,1,0,1
ID12441,0.5510204081632653,0.41039877389815416,0.0,1,0,0,0,1,0,0,1,1,0,0,1,0,1,1,0,1,0
ID12442,0.9795918367346939,0.7456117423307119,0.3333333333333333,0,1,0,1,0,0,0,1,0,1,0,1,1,0,1,0,0,1
ID12443,0.9387755102040816,0.8274860799688346,0.0,0,1,1,0,0,0,0,1,0,1,0,1,0,1,1,0,1,0
ID12444,0.6734693877551019,0.24782533658178507,0.0,1,0,1,0,0,0,0,1,1,0,0,1,0,1,1,0,1,0
ID12445,0.326530612244898,0.32046123702140666,0.6666666666666666,0,1,0,1,0,0,0,1,0,1,0,1,0,1,1,0,1,0
ID12446,0.9591836734693877,0.642922099274398,0.3333333333333333,1,0,0,0,0,1,0,1,1,0,0,1,0,1,1,0,0,1
ID12447,0.653061224489796,0.5976177943760304,0.0,0,1,0,1,0,0,0,1,0,1,0,1,1,0,0,1,1,0
ID12448,0.9795918367346939,0.6913012947061467,0.0,1,0,1,0,0,0,0,1,1,0,0,1,1,0,1,0,1,0
ID12449,0.9183673469387754,0.566397417298436,0.0,0,1,1,0,0,0,0,1,1,0,0,1,1,0,0,1,1,0
ID12450,0.7142857142857142,0.32741114349276934,0.3333333333333333,1,0,1,0,0,0,1,0,1,0,1,0,0,1,1,0,0,1
ID12451,0.30612244897959184,0.45070100449291917,0.0,1,0,1,0,0,0,1,0,0,1,1,0,0,1,0,1,0,1
ID12452,0.40816326530612246,0.3339893788084463,0.0,0,1,0,0,0,1,0,1,1,0,0,1,0,1,0,1,1,0
ID12453,0.7755102040816326,0.3371468629319795,0.3333333333333333,1,0,0,1,0,0,1,0,1,0,0,1,0,1,0,1,1,0
ID12454,0.6122448979591837,0.6546022094817785,0.3333333333333333,0,1,0,0,0,1,1,0,0,1,0,1,0,1,1,0,0,1
ID12455,0.6326530612244897,0.43334602636215325,0.0,1,0,0,0,1,0,0,1,0,1,1,0,0,1,0,1,0,1
ID12456,0.7346938775510203,0.7772726185557856,0.6666666666666666,1,0,0,1,0,0,0,1,1,0,0,1,0,1,0,1,0,1
ID12457,0.4693877551020408,0.3080377845026549,0.0,1,0,0,0,1,0,0,1,1,0,1,0,0,1,1,0,1,0
ID12458,0.020408163265306145,0.07878258424675247,0.0,0,1,0,1,0,0,1,0,1,0,0,1,0,1,1,0,0,1
ID12459,0.693877551020408,0.5031221237427491,1.0,1,0,1,0,0,0,1,0,0,1,1,0,0,1,1,0,1,0
ID12460,0.693877551020408,0.3059075581566418,0.3333333333333333,1,0,1,0,0,0,0,1,0,1,0,1,1,0,1,0,0,1
ID12461,0.9387755102040816,0.8019594985123689,0.6666666666666666,1,0,0,0,0,1,1,0,0,1,0,1,0,1,1,0,0,1
ID12462,0.7755102040816326,0.2564649702516816,1.0,0,1,0,0,0,1,0,1,1,0,0,1,0,1,0,1,1,0
ID12463,0.7755102040816326,0.4234795337385351,0.6666666666666666,0,1,0,0,0,1,0,1,1,0,1,0,0,1,1,0,1,0
ID12464,0.020408163265306145,0.1296511160716974,0.0,1,0,0,0,0,1,0,1,1,0,0,1,0,1,1,0,1,0
ID12465,0.7755102040816326,0.7964274486719553,0.3333333333333333,1,0,0,0,0,1,0,1,0,1,0,1,1,0,1,0,0,1
ID12466,0.18367346938775508,0.21251657679164854,0.6666666666666666,0,1,1,0,0,0,0,1,0,1,0,1,1,0,1,0,0,1
ID12467,0.8367346938775511,0.42764018584246066,0.3333333333333333,1,0,1,0,0,0,1,0,0,1,1,0,0,1,1,0,0,1
ID12468,0.7755102040816326,0.7353580922532545,0.0,0,1,1,0,0,0,0,1,0,1,0,1,0,1,0,1,1,0
ID12469,0.06122448979591838,0.1078412461720882,0.0,0,1,0,0,0,1,0,1,1,0,0,1,0,1,0,1,1,0
ID12470,0.9387755102040816,0.5000283055116251,1.0,0,1,1,0,0,0,0,1,1,0,0,1,1,0,0,1,1,0
ID12471,0.8979591836734693,0.7202193754582438,0.0,0,1,1,0,0,0,0,1,1,0,0,1,0,1,1,0,1,0
ID12472,0.5306122448979591,0.5753932358258644,0.6666666666666666,1,0,1,0,0,0,1,0,1,0,0,1,0,1,1,0,0,1
ID12473,0.12244897959183676,0.04718416942423148,0.0,1,0,1,0,0,0,1,0,1,0,1,0,1,0,1,0,0,1
ID12474,0.693877551020408,0.40263669712362654,0.0,1,0,1,0,0,0,0,1,1,0,1,0,0,1,1,0,1,0
ID12475,1.0,0.7258667121849118,0.6666666666666666,1,0,0,0,1,0,0,1,1,0,0,1,0,1,1,0,0,1
ID12476,0.4693877551020408,0.27276688010800487,0.0,0,1,1,0,0,0,0,1,0,1,0,1,0,1,1,0,1,0
ID12477,0.8163265306122449,0.4850668207954829,0.3333333333333333,1,0,0,0,0,1,1,0,1,0,1,0,1,0,0,1,0,1
ID12478,0.44897959183673464,0.34085841238945147,0.6666666666666666,0,1,1,0,0,0,1,0,1,0,1,0,0,1,1,0,1,0
ID12479,0.020408163265306145,0.22321932951555928,0.0,0,1,0,0,1,0,0,1,1,0,1,0,0,1,0,1,0,1
ID12480,0.040816326530612235,0.08423875122621369,1.0,1,0,1,0,0,0,0,1,1,0,1,0,0,1,1,0,1,0
ID12481,0.7755102040816326,0.3704424039621521,0.0,1,0,0,0,0,1,1,0,0,1,0,1,0,1,1,0,0,1
ID12482,0.5714285714285714,0.4743847164691102,0.6666666666666666,1,0,1,0,0,0,0,1,0,1,0,1,0,1,1,0,1,0
ID12483,0.2448979591836734,0.16505623505034506,0.3333333333333333,0,1,1,0,0,0,0,1,1,0,1,0,0,1,1,0,1,0
ID12484,0.44897959183673464,0.5131572449462617,0.3333333333333333,1,0,0,0,0,1,0,1,0,1,0,1,0,1,1,0,0,1
ID12485,0.36734693877551017,0.376946649186651,0.0,1,0,0,0,0,1,0,1,1,0,1,0,0,1,1,0,1,0
ID12486,0.7959183673469388,0.5718589184472611,1.0,1,0,1,0,0,0,1,0,0,1,1,0,0,1,0,1,1,0
ID12487,0.6326530612244897,0.1836828103294985,0.0,0,1,1,0,0,0,1,0,1,0,1,0,0,1,1,0,1,0
ID12488,0.8775510204081631,0.4326439808458581,0.3333333333333333,0,1,1,0,0,0,1,0,0,1,1,0,1,0,1,0,0,1
ID12489,0.22448979591836737,0.16566880417730845,0.0,0,1,1,0,0,0,1,0,0,1,1,0,0,1,1,0,0,1
ID12490,0.6122448979591837,0.18788475922850012,0.0,1,0,1,0,0,0,0,1,1,0,0,1,1,0,1,0,1,0
ID12491,0.7755102040816326,0.6757891860556553,0.0,1,0,1,0,0,0,0,1,1,0,0,1,0,1,1,0,1,0
ID12492,0.44897959183673464,0.2956659529777484,0.0,0,1,0,0,0,1,1,0,0,1,1,0,0,1,1,0,0,1
ID12493,0.8163265306122449,0.5718589184472611,1.0,1,0,0,0,0,1,0,1,0,1,0,1,1,0,1,0,1,0
ID12494,0.857142857142857,0.29318986597297225,0.6666666666666666,1,0,1,0,0,0,0,1,0,1,0,1,1,0,0,1,1,0
ID12495,0.8163265306122449,0.3519569260661757,0.0,1,0,0,0,1,0,1,0,0,1,1,0,1,0,0,1,0,1
ID12496,1.0,0.31784233193365874,1.0,1,0,0,0,0,1,0,1,0,1,1,0,1,0,0,1,1,0
ID12497,0.44897959183673464,0.3571207461504934,0.0,0,1,0,1,0,0,0,1,0,1,0,1,1,0,1,0,1,0
ID12498,0.6122448979591837,0.5018935440892326,0.6666666666666666,0,1,1,0,0,0,0,1,1,0,0,1,0,1,1,0,0,1
ID12499,0.9387755102040816,0.9021678924645221,0.3333333333333333,1,0,1,0,0,0,1,0,1,0,0,1,0,1,1,0,0,1
ID12500,0.5102040816326531,0.568615399333986,0.0,0,1,0,0,0,1,0,1,0,1,0,1,1,0,0,1,1,0
ID12501,0.326530612244898,0.24893518794945751,0.0,1,0,0,1,0,0,1,0,1,0,1,0,0,1,0,1,0,1
ID12502,0.16326530612244894,0.2503547652802013,1.0,0,1,0,1,0,0,1,0,0,1,1,0,1,0,0,1,1,0
ID12503,0.6122448979591837,0.5778830884289994,0.0,0,1,1,0,0,0,0,1,0,1,1,0,0,1,1,0,1,0
ID12504,0.346938775510204,0.270839696337783,0.0,0,1,1,0,0,0,1,0,1,0,1,0,1,0,0,1,0,1
ID12505,0.12244897959183676,0.15228864257262514,1.0,1,0,1,0,0,0,0,1,1,0,0,1,0,1,1,0,0,1
ID12506,0.5918367346938775,0.5434794167309491,1.0,0,1,0,0,1,0,0,1,0,1,0,1,0,1,1,0,0,1
ID12507,0.693877551020408,0.7027663174391718,0.3333333333333333,0,1,0,0,1,0,1,0,1,0,0,1,0,1,1,0,0,1
ID12508,0.26530612244897955,0.2985085490388257,0.0,0,1,0,0,1,0,1,0,1,0,0,1,0,1,1,0,0,1
ID12509,0.4693877551020408,0.2919991417149423,0.3333333333333333,1,0,0,0,1,0,0,1,0,1,1,0,1,0,1,0,0,1
ID12510,0.10204081632653061,0.10425358709984481,0.6666666666666666,0,1,0,0,1,0,0,1,1,0,0,1,1,0,1,0,1,0
ID12511,0.18367346938775508,0.22617377106330128,0.3333333333333333,1,0,1,0,0,0,1,0,0,1,1,0,0,1,0,1,0,1
ID12512,0.08163265306122447,0.03940385323187856,0.0,0,1,1,0,0,0,1,0,0,1,0,1,0,1,0,1,1,0
ID12513,1.0,0.9133094236361173,0.6666666666666666,1,0,1,0,0,0,1,0,0,1,0,1,0,1,1,0,0,1
ID12514,0.16326530612244894,0.19795601512770428,0.0,1,0,1,0,0,0,0,1,0,1,1,0,0,1,1,0,0,1
ID12515,0.8163265306122449,0.7131834339971391,0.0,1,0,0,0,1,0,0,1,1,0,0,1,0,1,1,0,1,0
ID12516,0.18367346938775508,0.25887050856486926,0.0,0,1,0,1,0,0,0,1,1,0,0,1,0,1,0,1,1,0
ID12517,0.36734693877551017,0.12937924550411256,0.3333333333333333,0,1,1,0,0,0,1,0,1,0,0,1,1,0,0,1,1,0
ID12518,0.26530612244897955,0.30687459144134244,0.3333333333333333,0,1,0,1,0,0,0,1,0,1,1,0,1,0,1,0,0,1
ID12519,0.20408163265306123,0.3559300218924635,0.6666666666666666,1,0,0,0,0,1,0,1,0,1,0,1,1,0,1,0,0,1
ID12520,0.7959183673469388,0.28560846267690293,0.0,0,1,0,0,0,1,0,1,1,0,0,1,0,1,0,1,1,0
ID12521,0.9387755102040816,0.7560185346899101,0.0,0,1,1,0,0,0,0,1,0,1,0,1,0,1,0,1,1,0
ID12522,0.6326530612244897,0.6267440798033033,0.3333333333333333,0,1,1,0,0,0,1,0,1,0,0,1,1,0,1,0,0,1
ID12523,0.08163265306122447,0.11006955240640726,0.3333333333333333,0,1,1,0,0,0,0,1,0,1,1,0,0,1,1,0,1,0
ID12524,0.8163265306122449,0.6698063128689933,0.0,1,0,1,0,0,0,0,1,0,1,0,1,0,1,1,0,1,0
ID12525,0.040816326530612235,0.2103605399487128,0.3333333333333333,0,1,0,0,0,1,1,0,0,1,1,0,0,1,1,0,0,1
ID12526,0.5306122448979591,0.4383394971667818,0.0,1,0,0,1,0,0,0,1,1,0,0,1,0,1,1,0,1,0
ID12527,0.9591836734693877,0.42762986164369154,1.0,1,0,0,0,0,1,0,1,1,0,0,1,1,0,1,0,1,0
ID12528,0.7142857142857142,0.46751740358789995,0.6666666666666666,1,0,1,0,0,0,0,1,0,1,1,0,1,0,1,0,0,1
ID12529,0.326530612244898,0.21155126420674275,0.3333333333333333,1,0,1,0,0,0,0,1,0,1,1,0,0,1,0,1,0,1
ID12530,0.346938775510204,0.39317456895179614,0.6666666666666666,0,1,0,1,0,0,1,0,1,0,0,1,0,1,0,1,1,0
ID12531,0.6122448979591837,0.41135720368388057,0.0,0,1,0,0,0,1,0,1,1,0,0,1,1,0,0,1,1,0
ID12532,0.9387755102040816,0.9180465101713146,0.3333333333333333,1,0,0,0,0,1,0,1,0,1,0,1,0,1,1,0,0,1
ID12533,0.5714285714285714,0.20364636934924335,0.0,0,1,0,0,0,1,1,0,0,1,0,1,0,1,0,1,1,0
ID12534,0.4897959183673469,0.3978996105884294,0.0,1,0,0,1,0,0,0,1,1,0,1,0,0,1,0,1,0,1
ID12535,0.5918367346938775,0.31013875895215576,0.0,0,1,1,0,0,0,0,1,0,1,0,1,1,0,1,0,1,0
ID12536,0.10204081632653061,0.11567731303779394,0.6666666666666666,0,1,0,0,0,1,1,0,0,1,0,1,0,1,0,1,1,0
ID12537,0.346938775510204,0.1972832215079215,0.0,0,1,1,0,0,0,0,1,0,1,1,0,1,0,0,1,0,1
ID12538,0.9387755102040816,0.4542903842649575,0.3333333333333333,1,0,1,0,0,0,1,0,0,1,0,1,1,0,0,1,0,1
ID12539,0.0,0.12222285505736896,0.3333333333333333,1,0,0,0,1,0,0,1,1,0,1,0,0,1,1,0,1,0
ID12540,0.020408163265306145,0.1790025068875311,0.3333333333333333,0,1,1,0,0,0,0,1,0,1,1,0,0,1,1,0,1,0
ID12541,0.44897959183673464,0.41985746067039487,0.3333333333333333,0,1,1,0,0,0,0,1,1,0,0,1,1,0,0,1,0,1
ID12542,0.5918367346938775,0.682565301847739,0.0,0,1,1,0,0,0,0,1,0,1,0,1,0,1,1,0,1,0
ID12543,0.5102040816326531,0.5380075913833549,0.0,1,0,0,1,0,0,0,1,0,1,0,1,0,1,1,0,1,0
ID12544,0.40816326530612246,0.4867617100934013,0.0,0,1,0,0,0,1,1,0,0,1,1,0,0,1,0,1,0,1
ID12545,0.06122448979591838,0.18554116610792676,0.0,1,0,0,1,0,0,0,1,1,0,0,1,0,1,1,0,0,1
ID12546,0.44897959183673464,0.4620180470435882,0.0,0,1,0,1,0,0,0,1,0,1,0,1,0,1,1,0,1,0
ID12547,0.693877551020408,0.6660018456225999,0.0,1,0,0,0,0,1,0,1,1,0,0,1,0,1,1,0,1,0
ID12548,0.346938775510204,0.4436874321291474,0.6666666666666666,1,0,0,0,0,1,0,1,1,0,1,0,0,1,1,0,0,1
ID12549,0.7142857142857142,0.7563747195474421,1.0,0,1,0,1,0,0,0,1,0,1,0,1,1,0,1,0,0,1
ID12550,0.40816326530612246,0.49981493873706484,0.0,1,0,0,1,0,0,1,0,0,1,0,1,0,1,1,0,0,1
ID12551,0.4897959183673469,0.4116669296469519,1.0,0,1,1,0,0,0,0,1,0,1,1,0,1,0,1,0,1,0
ID12552,0.5102040816326531,0.5768781997488122,0.0,0,1,0,0,0,1,1,0,0,1,0,1,1,0,0,1,1,0
ID12553,0.8367346938775511,0.37908547903163825,0.0,1,0,1,0,0,0,1,0,1,0,1,0,0,1,1,0,0,1
ID12554,0.8367346938775511,0.7961693437027292,0.0,1,0,0,1,0,0,1,0,0,1,0,1,0,1,0,1,1,0
ID12555,0.12244897959183676,0.19509277066908892,0.0,0,1,1,0,0,0,1,0,1,0,0,1,0,1,0,1,1,0
ID12556,0.18367346938775508,0.11790561927211299,0.0,1,0,1,0,0,0,0,1,0,1,0,1,0,1,1,0,1,0
ID12557,0.2857142857142857,0.1420160647974246,0.0,1,0,0,0,0,1,0,1,0,1,0,1,0,1,0,1,1,0
ID12558,0.9591836734693877,0.9728903747322805,0.0,1,0,1,0,0,0,0,1,1,0,0,1,0,1,1,0,1,0
ID12559,0.0,0.1494598121099066,0.3333333333333333,0,1,0,0,1,0,1,0,1,0,0,1,0,1,1,0,1,0
ID12560,0.9795918367346939,0.7218282297664201,0.3333333333333333,0,1,0,0,0,1,0,1,1,0,0,1,0,1,1,0,0,1
ID12561,0.4693877551020408,0.3176650998547901,0.0,0,1,1,0,0,0,0,1,0,1,1,0,0,1,0,1,0,1
ID12562,0.9387755102040816,0.3362228471421499,0.0,1,0,0,0,1,0,0,1,0,1,0,1,1,0,0,1,1,0
ID12563,0.10204081632653061,0.22430681178589879,0.0,1,0,1,0,0,0,0,1,0,1,1,0,0,1,0,1,0,1
ID12564,0.22448979591836737,0.17591385075579158,0.6666666666666666,1,0,0,1,0,0,0,1,0,1,1,0,0,1,1,0,1,0
ID12565,0.20408163265306123,0.26741034164666494,0.0,0,1,0,0,0,1,1,0,0,1,0,1,0,1,1,0,0,1
ID12566,0.7959183673469388,0.402772632407419,0.6666666666666666,1,0,0,0,0,1,0,1,0,1,0,1,0,1,0,1,1,0
ID12567,0.40816326530612246,0.2901493894354883,0.0,0,1,1,0,0,0,0,1,1,0,1,0,0,1,1,0,1,0
ID12568,0.326530612244898,0.13414558393582202,1.0,1,0,0,0,1,0,1,0,1,0,0,1,0,1,1,0,0,1
ID12569,0.5102040816326531,0.17370791361880544,0.0,0,1,0,0,1,0,0,1,1,0,1,0,0,1,1,0,0,1
ID12570,0.9183673469387754,0.5575151649574668,1.0,0,1,0,0,0,1,1,0,0,1,0,1,0,1,1,0,1,0
ID12571,0.8979591836734693,0.6281825848317903,0.0,1,0,1,0,0,0,0,1,1,0,0,1,0,1,0,1,1,0
ID12572,0.6734693877551019,0.35031021636251286,0.0,1,0,1,0,0,0,0,1,0,1,0,1,0,1,1,0,1,0
ID12573,0.8775510204081631,0.2774729940468949,0.6666666666666666,0,1,1,0,0,0,0,1,0,1,0,1,1,0,1,0,1,0
ID12574,0.4693877551020408,0.39134546506988016,0.0,1,0,0,0,0,1,1,0,1,0,0,1,0,1,1,0,0,1
ID12575,0.26530612244897955,0.3039425189909334,0.3333333333333333,1,0,0,0,0,1,1,0,0,1,0,1,0,1,0,1,0,1
ID12576,0.30612244897959184,0.12327592333181164,0.6666666666666666,1,0,0,0,0,1,0,1,1,0,0,1,0,1,0,1,1,0
ID12577,0.5102040816326531,0.36293843215685073,0.3333333333333333,0,1,0,1,0,0,1,0,1,0,1,0,0,1,1,0,0,1
ID12578,0.44897959183673464,0.38549508576742086,0.0,0,1,1,0,0,0,0,1,1,0,0,1,0,1,0,1,1,0
ID12579,0.5918367346938775,0.3152836513387302,0.6666666666666666,0,1,0,0,0,1,0,1,1,0,0,1,0,1,0,1,1,0
ID12580,0.5714285714285714,0.6604267782873152,0.3333333333333333,0,1,0,0,0,1,1,0,0,1,0,1,0,1,1,0,0,1
ID12581,0.2448979591836734,0.11222386854954816,0.6666666666666666,0,1,0,1,0,0,0,1,1,0,1,0,0,1,0,1,1,0
ID12582,0.5918367346938775,0.6821609373959513,0.6666666666666666,0,1,1,0,0,0,1,0,0,1,0,1,0,1,1,0,0,1
ID12583,0.5306122448979591,0.4774647691018755,0.0,0,1,0,1,0,0,1,0,1,0,0,1,0,1,0,1,1,0
ID12584,0.10204081632653061,0.19598065176322688,0.0,0,1,0,1,0,0,0,1,0,1,0,1,1,0,1,0,1,0
ID12585,0.20408163265306123,0.2782455882547785,0.3333333333333333,1,0,1,0,0,0,0,1,0,1,0,1,0,1,1,0,0,1
ID12586,0.9387755102040816,0.7726473775072532,0.0,1,0,1,0,0,0,0,1,0,1,0,1,0,1,0,1,1,0
ID12587,0.346938775510204,0.28580118105392516,0.0,1,0,0,0,0,1,0,1,1,0,0,1,1,0,0,1,1,0
ID12588,0.020408163265306145,0.1998023260075687,0.3333333333333333,0,1,0,1,0,0,0,1,1,0,1,0,0,1,1,0,0,1
ID12589,0.18367346938775508,0.15486797156509174,1.0,1,0,0,0,0,1,0,1,1,0,0,1,1,0,1,0,1,0
ID12590,0.18367346938775508,0.26490328204558167,0.6666666666666666,0,1,1,0,0,0,0,1,1,0,0,1,1,0,1,0,0,1
ID12591,0.8163265306122449,0.4586884929405709,0.3333333333333333,1,0,1,0,0,0,0,1,0,1,0,1,1,0,0,1,0,1
ID12592,0.5714285714285714,0.20880674803397142,0.3333333333333333,1,0,0,0,0,1,1,0,0,1,0,1,0,1,1,0,0,1
ID12593,0.8775510204081631,0.3913230959725472,0.0,1,0,0,0,0,1,0,1,0,1,0,1,1,0,0,1,0,1
ID12594,0.8367346938775511,0.6183453441046846,0.0,0,1,1,0,0,0,1,0,1,0,0,1,0,1,1,0,0,1
ID12595,0.5918367346938775,0.6664096514739771,1.0,1,0,0,1,0,0,0,1,1,0,0,1,0,1,1,0,1,0
ID12596,0.5306122448979591,0.5754999192131446,0.0,0,1,1,0,0,0,0,1,1,0,1,0,1,0,0,1,0,1
ID12597,0.653061224489796,0.618741105057498,0.6666666666666666,0,1,0,0,0,1,1,0,0,1,0,1,0,1,0,1,0,1
ID12598,0.9387755102040816,0.7153583985378181,0.0,0,1,1,0,0,0,1,0,1,0,0,1,0,1,1,0,0,1
ID12599,0.6734693877551019,0.6673801261582675,0.0,1,0,0,0,0,1,1,0,1,0,0,1,0,1,0,1,1,0
ID12600,0.5714285714285714,0.2391426854170176,0.0,1,0,0,0,0,1,0,1,0,1,1,0,0,1,1,0,0,1
ID12601,0.4285714285714285,0.39148656245305713,1.0,1,0,1,0,0,0,0,1,0,1,0,1,1,0,1,0,1,0
ID12602,0.8163265306122449,0.48167704219964624,0.3333333333333333,1,0,1,0,0,0,1,0,0,1,1,0,0,1,1,0,0,1
ID12603,0.2857142857142857,0.36669988190837305,0.0,1,0,0,0,0,1,0,1,0,1,1,0,1,0,1,0,1,0
ID12604,0.08163265306122447,0.1771286648109493,0.0,1,0,1,0,0,0,1,0,0,1,0,1,0,1,0,1,1,0
ID12605,0.9183673469387754,0.942795335320512,0.3333333333333333,1,0,1,0,0,0,0,1,0,1,0,1,0,1,1,0,0,1
ID12606,0.346938775510204,0.4068438081220127,0.0,1,0,0,0,0,1,0,1,0,1,0,1,0,1,1,0,1,0
ID12607,0.8367346938775511,0.3124926762714982,0.0,1,0,1,0,0,0,0,1,1,0,1,0,1,0,0,1,0,1
ID12608,0.08163265306122447,0.113242522828094,0.0,1,0,0,0,1,0,1,0,0,1,0,1,0,1,1,0,0,1
ID12609,0.857142857142857,0.7811235446966397,0.6666666666666666,0,1,0,0,1,0,1,0,1,0,0,1,0,1,0,1,0,1
ID12610,0.10204081632653061,0.10670214290790347,0.6666666666666666,1,0,0,1,0,0,0,1,0,1,0,1,0,1,1,0,0,1
ID12611,0.22448979591836737,0.14305192607391884,0.0,1,0,0,0,0,1,0,1,1,0,0,1,1,0,1,0,1,0
ID12612,0.5306122448979591,0.1905604474094778,1.0,0,1,1,0,0,0,0,1,1,0,0,1,0,1,1,0,1,0
ID12613,0.9183673469387754,0.6698476096640694,0.0,1,0,0,0,0,1,0,1,0,1,0,1,0,1,0,1,1,0
ID12614,0.1428571428571429,0.16331316615817118,1.0,1,0,0,1,0,0,1,0,1,0,0,1,0,1,1,0,1,0
ID12615,0.3877551020408163,0.49680371409609314,0.0,0,1,1,0,0,0,1,0,0,1,0,1,1,0,1,0,0,1
ID12616,0.6122448979591837,0.20043210213248042,0.3333333333333333,1,0,1,0,0,0,0,1,1,0,0,1,0,1,1,0,0,1
ID12617,0.346938775510204,0.26237901544654996,0.0,1,0,0,0,0,1,1,0,1,0,0,1,1,0,1,0,0,1
ID12618,0.6734693877551019,0.4921406176520742,0.3333333333333333,0,1,0,0,0,1,0,1,1,0,0,1,1,0,0,1,0,1
ID12619,0.18367346938775508,0.29239662336755057,1.0,1,0,0,0,0,1,1,0,1,0,1,0,0,1,1,0,1,0
ID12620,0.7755102040816326,0.4123982270597593,1.0,1,0,1,0,0,0,0,1,0,1,0,1,0,1,0,1,1,0
ID12621,0.40816326530612246,0.12302470116176487,0.6666666666666666,1,0,1,0,0,0,0,1,0,1,1,0,0,1,1,0,0,1
ID12622,0.36734693877551017,0.21050163733188976,0.6666666666666666,1,0,0,0,0,1,0,1,0,1,0,1,0,1,1,0,1,0
ID12623,0.18367346938775508,0.13196717799555335,1.0,0,1,0,0,1,0,1,0,1,0,0,1,0,1,0,1,1,0
ID12624,0.326530612244898,0.19403970239464624,0.0,1,0,0,0,0,1,0,1,0,1,0,1,1,0,0,1,1,0
ID12625,0.5306122448979591,0.23561697153738848,0.0,0,1,0,0,1,0,0,1,0,1,0,1,0,1,0,1,0,1
ID12626,0.5102040816326531,0.24627842746622308,0.3333333333333333,1,0,1,0,0,0,0,1,1,0,1,0,0,1,1,0,0,1
ID12627,0.2857142857142857,0.16342501164483583,0.6666666666666666,0,1,1,0,0,0,1,0,1,0,0,1,1,0,0,1,1,0
ID12628,0.06122448979591838,0.09735358092253255,0.3333333333333333,1,0,0,0,0,1,1,0,1,0,0,1,0,1,0,1,1,0
ID12629,0.2448979591836734,0.35818585932349994,0.6666666666666666,1,0,1,0,0,0,0,1,1,0,1,0,0,1,1,0,1,0
ID12630,0.7551020408163265,0.6622163060739498,0.3333333333333333,0,1,0,1,0,0,0,1,0,1,0,1,0,1,1,0,1,0
ID12631,0.9387755102040816,0.9319463231140398,0.3333333333333333,0,1,0,0,1,0,0,1,1,0,0,1,0,1,1,0,0,1
ID12632,0.36734693877551017,0.3893718224051976,0.3333333333333333,1,0,1,0,0,0,1,0,0,1,1,0,1,0,1,0,0,1
ID12633,0.8367346938775511,0.4310919096309116,0.3333333333333333,0,1,1,0,0,0,1,0,1,0,0,1,0,1,1,0,0,1
ID12634,0.857142857142857,0.4250161186553282,0.0,0,1,1,0,0,0,0,1,0,1,1,0,0,1,0,1,0,1
ID12635,0.18367346938775508,0.15376500299659868,0.3333333333333333,1,0,0,0,0,1,1,0,0,1,0,1,0,1,0,1,1,0
ID12636,0.22448979591836737,0.0870397063522558,0.0,0,1,1,0,0,0,0,1,1,0,1,0,0,1,1,0,1,0
ID12637,0.7142857142857142,0.5650156953631785,0.3333333333333333,1,0,1,0,0,0,1,0,1,0,0,1,0,1,1,0,0,1
ID12638,0.8775510204081631,0.8975546963145535,0.6666666666666666,1,0,0,1,0,0,1,0,1,0,0,1,0,1,1,0,0,1
ID12639,0.5102040816326531,0.5810767072482241,0.0,1,0,1,0,0,0,0,1,1,0,0,1,0,1,1,0,1,0
ID12640,0.020408163265306145,0.08909078050770622,0.0,0,1,1,0,0,0,0,1,1,0,0,1,0,1,0,1,0,1
ID12641,0.6122448979591837,0.28920128384853094,0.3333333333333333,1,0,1,0,0,0,0,1,0,1,0,1,1,0,0,1,0,1
ID12642,0.4285714285714285,0.5570729451101927,0.6666666666666666,0,1,0,1,0,0,0,1,1,0,0,1,0,1,1,0,0,1
ID12643,0.2857142857142857,0.1654227441066462,0.6666666666666666,0,1,1,0,0,0,0,1,0,1,0,1,0,1,1,0,1,0
ID12644,0.9183673469387754,0.752914392260017,0.3333333333333333,0,1,0,0,1,0,0,1,0,1,0,1,1,0,0,1,0,1
ID12645,0.5714285714285714,0.27672276893634423,0.3333333333333333,0,1,0,1,0,0,0,1,0,1,0,1,0,1,1,0,0,1
ID12646,0.44897959183673464,0.5375929027327981,0.0,0,1,1,0,0,0,1,0,1,0,1,0,0,1,0,1,0,1
ID12647,0.18367346938775508,0.17667440006511126,0.0,1,0,1,0,0,0,1,0,0,1,1,0,1,0,0,1,0,1
ID12648,0.08163265306122447,0.07403775456247852,0.6666666666666666,0,1,0,0,1,0,0,1,0,1,0,1,0,1,1,0,1,0
ID12649,0.4897959183673469,0.2705282496749168,0.3333333333333333,0,1,0,1,0,0,0,1,0,1,0,1,0,1,1,0,0,1
ID12650,0.8163265306122449,0.8198840282752272,0.3333333333333333,1,0,0,0,0,1,0,1,0,1,0,1,0,1,0,1,0,1
ID12651,0.10204081632653061,0.05172389169296038,0.3333333333333333,1,0,1,0,0,0,0,1,0,1,1,0,0,1,1,0,1,0
ID12652,0.8163265306122449,0.46856703046275294,1.0,0,1,0,0,1,0,0,1,1,0,1,0,1,0,1,0,1,0
ID12653,0.5510204081632653,0.6210520048819693,0.6666666666666666,0,1,1,0,0,0,0,1,0,1,0,1,0,1,1,0,1,0
ID12654,0.6326530612244897,0.5909586861699958,0.0,1,0,0,0,1,0,0,1,0,1,1,0,1,0,0,1,1,0
ID12655,1.0,0.5348225760631042,1.0,1,0,1,0,0,0,0,1,0,1,0,1,0,1,1,0,1,0
ID12656,0.040816326530612235,0.046626146480764546,0.6666666666666666,1,0,0,0,0,1,0,1,0,1,0,1,0,1,1,0,1,0
ID12657,0.5102040816326531,0.23318218132768848,0.3333333333333333,1,0,0,1,0,0,0,1,0,1,0,1,0,1,0,1,0,1
ID12658,0.4693877551020408,0.3461822575546894,0.0,0,1,0,1,0,0,0,1,1,0,1,0,0,1,1,0,1,0
ID12659,0.40816326530612246,0.4521377888216114,0.0,1,0,0,0,1,0,0,1,1,0,0,1,0,1,1,0,1,0
ID12660,1.0,0.341458936617851,0.0,1,0,0,0,1,0,0,1,1,0,1,0,0,1,0,1,0,1
ID12661,0.44897959183673464,0.1958946167734848,0.3333333333333333,0,1,1,0,0,0,1,0,1,0,0,1,0,1,1,0,0,1
ID12662,0.1428571428571429,0.31443534633987363,0.0,1,0,0,0,1,0,1,0,1,0,1,0,0,1,0,1,0,1
ID12663,0.7959183673469388,0.789515397596079,0.0,1,0,0,1,0,0,0,1,1,0,0,1,0,1,1,0,1,0
ID12664,0.2857142857142857,0.29995737826608176,0.3333333333333333,1,0,1,0,0,0,1,0,1,0,1,0,0,1,0,1,0,1
ID12665,0.5306122448979591,0.311066216141575,0.0,0,1,0,0,1,0,0,1,0,1,1,0,0,1,0,1,0,1
ID12666,0.2448979591836734,0.3416172409989763,0.0,0,1,0,0,0,1,0,1,0,1,0,1,1,0,1,0,1,0
ID12667,0.5102040816326531,0.2963129361006086,0.0,0,1,0,0,0,1,0,1,1,0,1,0,0,1,0,1,1,0
ID12668,0.020408163265306145,0.2126249808787235,0.6666666666666666,1,0,1,0,0,0,0,1,0,1,0,1,0,1,1,0,1,0
ID12669,0.3877551020408163,0.4226002561433714,0.0,1,0,0,0,0,1,0,1,0,1,0,1,0,1,1,0,1,0
ID12670,0.6326530612244897,0.2224863114029571,0.3333333333333333,0,1,1,0,0,0,1,0,0,1,0,1,0,1,0,1,0,1
ID12671,0.6326530612244897,0.4930026882492894,1.0,1,0,0,1,0,0,1,0,0,1,1,0,0,1,1,0,1,0
ID12672,0.44897959183673464,0.5360322280188774,0.0,0,1,1,0,0,0,0,1,1,0,1,0,1,0,1,0,1,0
ID12673,0.30612244897959184,0.3905763122615863,0.6666666666666666,1,0,0,0,1,0,1,0,1,0,0,1,0,1,1,0,0,1
ID12674,0.4285714285714285,0.29916929776004464,0.6666666666666666,0,1,0,0,0,1,0,1,0,1,0,1,0,1,1,0,1,0
ID12675,0.5102040816326531,0.4036020097085324,0.0,1,0,1,0,0,0,0,1,0,1,0,1,0,1,1,0,1,0
ID12676,0.3877551020408163,0.4383274522682178,0.0,0,1,0,0,0,1,0,1,1,0,0,1,0,1,0,1,1,0
ID12677,0.12244897959183676,0.24341174160801804,0.3333333333333333,1,0,0,0,0,1,0,1,0,1,0,1,0,1,1,0,0,1
ID12678,0.8979591836734693,0.6939288032928688,0.0,0,1,0,0,0,1,0,1,0,1,0,1,1,0,1,0,0,1
ID12679,0.0,0.02202495737396433,0.0,0,1,1,0,0,0,1,0,1,0,0,1,0,1,0,1,1,0
ID12680,0.5918367346938775,0.3460927811653577,0.0,1,0,0,0,0,1,0,1,0,1,1,0,1,0,1,0,1,0
ID12681,0.9183673469387754,0.8064075074820328,0.6666666666666666,0,1,0,0,1,0,0,1,0,1,0,1,1,0,0,1,0,1
ID12682,0.040816326530612235,0.1313012671749499,0.6666666666666666,0,1,0,0,0,1,0,1,0,1,1,0,0,1,0,1,1,0
ID12683,0.5714285714285714,0.2920060245141217,1.0,1,0,0,0,0,1,1,0,1,0,0,1,1,0,1,0,1,0
ID12684,0.5918367346938775,0.4143254108299812,0.6666666666666666,1,0,0,1,0,0,1,0,0,1,0,1,0,1,1,0,1,0
ID12685,0.30612244897959184,0.31857362934646616,0.3333333333333333,0,1,0,0,0,1,0,1,1,0,0,1,0,1,0,1,0,1
ID12686,0.040816326530612235,0.07747794966230406,1.0,0,1,0,0,0,1,1,0,0,1,0,1,0,1,1,0,1,0
ID12687,0.040816326530612235,0.22972529543985304,0.3333333333333333,0,1,1,0,0,0,0,1,1,0,1,0,0,1,1,0,0,1
ID12688,0.5102040816326531,0.45184871125607806,0.3333333333333333,1,0,0,0,0,1,1,0,0,1,0,1,1,0,1,0,0,1
ID12689,0.8163265306122449,0.7684540321072256,0.0,0,1,0,1,0,0,0,1,1,0,0,1,0,1,1,0,1,0
ID12690,0.22448979591836737,0.13093131671905908,0.3333333333333333,0,1,0,0,1,0,0,1,0,1,0,1,0,1,1,0,1,0
ID12691,0.1428571428571429,0.3235671001510946,0.0,0,1,1,0,0,0,0,1,1,0,1,0,1,0,1,0,1,0
ID12692,0.44897959183673464,0.45529183154555486,0.6666666666666666,1,0,1,0,0,0,1,0,1,0,0,1,0,1,0,1,0,1
ID12693,0.6122448979591837,0.26247193323547136,0.0,0,1,0,0,0,1,0,1,1,0,0,1,0,1,1,0,1,0
ID12694,0.9591836734693877,0.798452712330483,0.6666666666666666,0,1,0,0,1,0,0,1,1,0,0,1,0,1,1,0,0,1
ID12695,0.8367346938775511,0.44665219787565835,1.0,1,0,0,1,0,0,0,1,0,1,0,1,0,1,0,1,1,0
ID12696,0.8775510204081631,0.7228795773410679,0.6666666666666666,1,0,1,0,0,0,1,0,0,1,0,1,0,1,0,1,1,0
ID12697,0.2448979591836734,0.08015088472361001,0.0,1,0,1,0,0,0,0,1,0,1,0,1,0,1,1,0,1,0
ID12698,0.26530612244897955,0.18862466014028173,0.0,1,0,0,0,0,1,0,1,0,1,0,1,1,0,1,0,0,1
ID12699,0.22448979591836737,0.1668664112345178,0.0,0,1,1,0,0,0,0,1,1,0,0,1,1,0,0,1,1,0
ID12700,0.40816326530612246,0.37265866529790725,0.0,0,1,0,0,0,1,1,0,0,1,1,0,0,1,0,1,0,1
